{"cameraMode":{"drawMode":0,"name":"Shaded","section":"Shading Mode"},"sceneLighting":true,"audioPlay":false,"sceneViewState":{"m_AlwaysRefresh":false,"showFog":true,"showSkybox":true,"showFlares":true,"showImageEffects":true,"showParticleSystems":true,"showVisualEffectGraphs":true,"m_FxEnabled":true},"in2DMode":false,"pivot":{"x":3.121920585632324,"y":13.805292129516602,"z":-0.5169718265533447},"rotation":{"x":0.13909125328063966,"y":-0.7880942821502686,"z":0.19549286365509034,"w":0.5681489706039429},"size":0.9732139706611633,"orthographic":false}